﻿<?xml version="1.0" encoding="utf-8"?>
<quizTree>
  <!--NumOfGames is like ID in SQL.. No Number will be twice-->
  <NumOfGames>27</NumOfGames>
  <topic id="1" NumOfQuestions="13" GameCode="101" timePerQuest="30" isPublish="true">
    <subject>מלחמות ישראל</subject>
    <questions>
      <question id="1">
        <questionText>שאלה 1????</questionText>
        <img>
        </img>
        <answers NumOfAnswers="2">
          <answer>תשובה 1 שאלה 1?</answer>
          <answer>תשובה 2 שאלה 1?</answer>
        </answers>
      </question>
      <question id="2">
        <questionText>שאלה 2 - תמונה? יוחילחי יחלילחילח יחלילחילחילחיחילחי, חלילחילחיחי ליחיחללחחיח יחל חלי יילילח יחלילח</questionText>
        <img>uploadedFiles/imageNewName30_09_18-15_51_52.jpg</img>
        <answers NumOfAnswers="2">
          <answer>תשובה 1 שאלה 2?</answer>
          <answer>תשובה 2 שאלה 2?</answer>
        </answers>
      </question>
      <question id="3">
        <questionText>שאלה 3 - הכל תמונות</questionText>
        <img>uploadedFiles/imageNewName30_09_18-15_53_06.png</img>
        <answers NumOfAnswers="4">
          <answer>uploadedFiles/imageNewName30_09_18-15_53_12.png</answer>
          <answer>uploadedFiles/imageNewName30_09_18-15_53_21.jpg</answer>
          <answer>uploadedFiles/imageNewName30_09_18-15_53_34.png</answer>
          <answer>uploadedFiles/imageNewName30_09_18-15_53_58.png</answer>
        </answers>
      </question>
      <question id="4">
        <questionText>שאלה 4 - תמונות</questionText>
        <img>uploadedFiles/imageNewName30_09_18-15_55_04.png</img>
        <answers NumOfAnswers="3">
          <answer>uploadedFiles/imageNewName30_09_18-15_54_58.jpg</answer>
          <answer>uploadedFiles/imageNewName30_09_18-15_55_88.png</answer>
          <answer>טימון זה התשובה הנכונה</answer>
        </answers>
      </question>
      <question id="5">
        <questionText>שאלה 5 שניים טקסט ו2 תמונה</questionText>
        <img>
          uploadedFiles/imageNewName30_09_18-15_55_04.png
        </img>
        <answers NumOfAnswers="4">
          <answer>שאלה 5 תשובה 1</answer>
          <answer>שאלה 5 תשובה 2</answer>
          <answer>uploadedFiles/imageNewName30_09_18-15_55_88.png</answer>
          <answer>uploadedFiles/imageNewName30_09_18-15_55_88.png</answer>
        </answers>
      </question>
      <question id="6">
        <questionText>שאלה 6 התמונה</questionText>
        <img>uploadedFiles/imageNewName30_09_18-15_55_88.png</img>
        <answers NumOfAnswers="3">
          <answer>uploadedFiles/imageNewName30_09_18-15_55_88.png</answer>
          <answer>התמונה זאת התשובה הנכונה</answer>
          <answer>מבצע גשמי קיץ</answer>
        </answers>
      </question>
      <question id="7">
        <questionText>דוגמה ל99 תווים ... גלכעךג גלכךעךגכף לףךעלג לגכעףך גלכףךע לגךכלךעף לךכ כלךעג לכךע לע כךךכע ל ךכגףעל</questionText>
        <img>uploadedFiles/imageNewName30_09_18-15_55_88.png</img>
        <answers NumOfAnswers="2">
          <answer>שאלה 7 תשובה 1</answer>
          <answer>שאלה 7 תשובה 2</answer>
        </answers>
      </question>
      <question id="8">
        <questionText>שאלה 8</questionText>
        <img>
        </img>
        <answers NumOfAnswers="4">
          <answer>שאלה 8 תשובה 1</answer>
          <answer>גרמניה ובריטניה</answer>
          <answer>uploadedFiles/imageNewName30_09_18-15_55_88.png</answer>
          <answer>uploadedFiles/imageNewName30_09_18-15_55_88.png</answer>
        </answers>
      </question>
      <question id="9">
        <questionText>היכן צולמה נה הבאה, ביוני 1967?</questionText>
        <img>
        </img>
        <answers NumOfAnswers="4">
          <answer>ליד היבושו</answer>
          <answer>ברגע שבו הגיעו חיילנו לתעלת סועץ בשנית</answer>
          <answer>סמוך לבית כנסת החורבה ברובע היהודי עם כיבושו</answer>
          <answer>בסמוך לבית ספר לשוטרים עם תום קרב גבעת התחמושת</answer>
        </answers>
      </question>
      <question id="10">
        <questionText>במלחמ.היה שיתוף פעולה חלחלבין ישראל לבין</questionText>
        <img>
        </img>
        <answers NumOfAnswers="4">
          <answer>תשובה נכונה</answer>
          <answer>גרמניה ובריטניה</answer>
          <answer>uploadedFiles/img8.png</answer>
          <answer>uploadedFiles/imageNewName30_09_18-15_55_88.png</answer>
        </answers>
      </question>
      <question id="11">
        <questionText>hnbvuuuuuuuffhg</questionText>
        <img>
        </img>
        <answers NumOfAnswers="3">
          <answer>תשובה 1 לשאלה 11</answer>
          <answer>uploadedFiles/imageNewName30_09_18-15_55_88.png</answer>
          <answer>uploadedFiles/imageNewName30_09_18-15_53_21.jpg</answer>
        </answers>
      </question>
      <question id="12">
        <questionText>שאלה 12 שניים טקסט ושניים תמונה</questionText>
        <img>
        </img>
        <answers NumOfAnswers="4">
          <answer>שאלה 12 תשובה 1</answer>
          <answer>שאלה 12 תשובה 2</answer>
          <answer>uploadedFiles/imageNewName30_09_18-15_53_21.jpg</answer>
          <answer>uploadedFiles/imageNewName30_09_18-15_55_88.png</answer>
        </answers>
      </question>
      <question id="13">
        <questionText>שאלה 13</questionText>
        <img>
        </img>
        <answers NumOfAnswers="4">
          <answer>שאלה 13 תשובה 1</answer>
          <answer>שאלה 13 תשובה 2</answer>
          <answer>שאלה 13 תשובה 3</answer>
          <answer>שאלה 13 תשובה 4</answer>
        </answers>
      </question>
    </questions>
  </topic>
  <topic id="2" NumOfQuestions="2" GameCode="102" timePerQuest="30" isPublish="false">
    <subject>דיסני</subject>
    <questions>
      <question id="1">
        <questionText>nbnmbnm</questionText>
        <img>
        </img>
        <answers NumOfAnswers="2">
          <answer>bnm</answer>
          <answer>bnmb</answer>
        </answers>
      </question>
      <question id="2">
        <questionText>bmnbn</questionText>
        <img>
        </img>
        <answers NumOfAnswers="3">
          <answer>hg</answer>
          <answer>ghj</answer>
          <answer>bjjk</answer>
        </answers>
      </question>
    </questions>
  </topic>
  <topic id="3" NumOfQuestions="3" GameCode="103" timePerQuest="30" isPublish="false">
    <subject>מלחמות אמריקה</subject>
    <questions>
      <question id="1">
        <questionText>3שאלה שהתשובה שלה היא וויאטנם</questionText>
        <answers NumOfAnswers="2">
          <answer feedback="true" AnsType="text">תשובה 1</answer>
          <answer feedback="true" AnsType="text">תשובה 2</answer>
        </answers>
      </question>
      <question id="2">
        <questionText>3?היכן צולמה התמונה הבאה, ביוני 1967</questionText>
        <answers NumOfAnswers="4">
          <answer feedback="true" AnsType="text">ליד הכותל מיד עם כיבושו</answer>
          <answer feedback="false" AnsType="text">ברגע ש</answer>
          <answer feedback="false" AnsType="text">סמוךכיבושו</answer>
          <answer feedback="false" AnsType="text">בסמוך לבית ספמושת</answer>
        </answers>
      </question>
      <question id="3">
        <questionText>3?היכן צולמה התמונה הבאה, ביוני 1967</questionText>
        <answers NumOfAnswers="4">
          <answer feedback="true" AnsType="text">ליד הכותל מיד עם כיבושו</answer>
          <answer feedback="false" AnsType="text">ברגע ש</answer>
          <answer feedback="false" AnsType="text">סמוךכיבושו</answer>
          <answer feedback="false" AnsType="text">בסמוך לבית ספמושת</answer>
        </answers>
      </question>
    </questions>
  </topic>
  <topic id="4" NumOfQuestions="0" GameCode="104" timePerQuest="30" isPublish="false">
    <subject>יחל</subject>
  </topic>
  <topic id="7" NumOfQuestions="0" GameCode="109" timePerQuest="30" isPublish="false">
    <subject>hjh</subject>
  </topic>
  <topic id="8" NumOfQuestions="0" GameCode="110" timePerQuest="30" isPublish="false">
    <subject>hjhjhj</subject>
  </topic>
  <topic id="9" NumOfQuestions="0" GameCode="111" timePerQuest="30" isPublish="false">
    <subject>hjhjhj</subject>
  </topic>
  <topic id="10" NumOfQuestions="0" GameCode="112" timePerQuest="30" isPublish="false">
    <subject>hjhjhjjhjk</subject>
  </topic>
  <topic id="11" NumOfQuestions="0" GameCode="113" timePerQuest="30" isPublish="false">
    <subject>hjhjhjjhjkhjk</subject>
  </topic>
  <topic id="12" NumOfQuestions="0" GameCode="114" timePerQuest="30" isPublish="false">
    <subject>hjhjhjjhjkhjkhjk</subject>
  </topic>
  <topic id="13" NumOfQuestions="0" GameCode="115" timePerQuest="30" isPublish="false">
    <subject>hjhjhjjhjkhjkhjkjk</subject>
  </topic>
  <topic id="16" NumOfQuestions="0" GameCode="118" timePerQuest="30" isPublish="false">
    <subject>hkjhkhkjhkj</subject>
  </topic>
  <topic id="17" NumOfQuestions="0" GameCode="119" timePerQuest="30" isPublish="false">
    <subject>hkjhkhkjhkjjhjk</subject>
  </topic>
  <topic id="18" NumOfQuestions="0" GameCode="120" timePerQuest="30" isPublish="false">
    <subject>hkjhkhkjhkjjhjkhj</subject>
  </topic>
  <topic id="19" NumOfQuestions="0" GameCode="121" timePerQuest="30" isPublish="false">
    <subject>מלחמות ישראללךף</subject>
  </topic>
  <topic id="20" NumOfQuestions="0" GameCode="122" timePerQuest="30" isPublish="false">
    <subject>מלחמות ישראללךףjhjj</subject>
  </topic>
  <topic id="21" NumOfQuestions="0" GameCode="123" timePerQuest="30" isPublish="false">
    <subject>בדיקה</subject>
  </topic>
  <topic id="22" NumOfQuestions="2" GameCode="124" timePerQuest="30" isPublish="false">
    <subject>מלחמות ישראלmhv</subject>
    <questions>
      <question id="1">
        <questionText>מהו שמו של הילד בתמונהיחחיןןןןןןןן</questionText>
        <img>
        </img>
        <answers NumOfAnswers="2">
          <answer>fgh</answer>
          <answer>מבצע עמוד ענן</answer>
        </answers>
      </question>
      <question id="2">
        <questionText>מהו שמו של הילד בתמונהיחחיןןןןןןןן</questionText>
        <img>
        </img>
        <answers NumOfAnswers="2">
          <answer>fgh</answer>
          <answer>מבצע עמוד ענן</answer>
        </answers>
      </question>
    </questions>
  </topic>
  <topic id="23" NumOfQuestions="0" GameCode="125" timePerQuest="30" isPublish="false">
    <subject>fhgfghfghgh</subject>
    <questions />
  </topic>
  <topic id="24" NumOfQuestions="1" GameCode="126" timePerQuest="30" isPublish="false">
    <subject>rrrrrrrrrrrrrrr</subject>
    <questions>
      <question id="1">
        <questionText>שאלה חדששבה </questionText>
        <img>
        </img>
        <answers NumOfAnswers="2">
          <answer>fgh</answer>
          <answer>hkjjkj</answer>
        </answers>
      </question>
    </questions>
  </topic>
  <topic id="25" NumOfQuestions="1" GameCode="127" timePerQuest="30" isPublish="false">
    <subject>הנמהנמsdds</subject>
    <questions>
      <question id="1">
        <questionText>hnbvghffhg</questionText>
        <img>
        </img>
        <answers NumOfAnswers="2">
          <answer>fghvb</answer>
          <answer>vbvbvb</answer>
        </answers>
      </question>
    </questions>
  </topic>
  <topic id="26" NumOfQuestions="5" GameCode="128" timePerQuest="90" isPublish="false">
    <subject>dfgeryilkjnbdf</subject>
    <questions>
      <question id="1">
        <questionText>מי היה הרמטכל במלחמת ששת הימים</questionText>
        <img>
        </img>
        <answers NumOfAnswers="4">
          <answer>fgh</answer>
          <answer>hkjjkj</answer>
          <answer>fgdfbcvbcbvc</answer>
          <answer>cbfcbfdcbfc</answer>
        </answers>
      </question>
      <question id="2">
        <questionText>מהו שמו של הילד בתמונהיחחיןןןןןןןן</questionText>
        <img>
        </img>
        <answers NumOfAnswers="4">
          <answer>zdrfgfdc</answer>
          <answer>Mofthgv</answer>
          <answer>מבצע גשמי קיץvc</answer>
          <answer>cvb</answer>
        </answers>
      </question>
      <question id="3">
        <questionText>hnbvghffhg</questionText>
        <img>
        </img>
        <answers NumOfAnswers="2">
          <answer>uploadedFiles/imageNewName13_10_18-22_14_07.png</answer>
          <answer>uploadedFiles/imageNewName13_10_18-22_14_11.jpg</answer>
        </answers>
      </question>
      <question id="4">
        <questionText>gfghfghfgh</questionText>
        <img>
        </img>
        <answers NumOfAnswers="4">
          <answer>fghf</answer>
          <answer>fgh</answer>
          <answer>uploadedFiles/imageNewName13_10_18-22_36_43.png</answer>
          <answer>uploadedFiles/imageNewName13_10_18-22_36_46.png</answer>
        </answers>
      </question>
      <question id="5">
        <questionText>vbnvb</questionText>
        <img>
        </img>
        <answers NumOfAnswers="3">
          <answer>bvvn</answer>
          <answer>uploadedFiles/imageNewName13_10_18-22_37_25.png</answer>
          <answer>bnbnbn</answer>
        </answers>
      </question>
    </questions>
  </topic>
  <topic id="27" NumOfQuestions="0" GameCode="129" timePerQuest="30" isPublish="false">
    <subject>ds</subject>
    <questions />
  </topic>
</quizTree>